url,titulo,plataforma,tipo_de_fonte,idioma,pais_ou_contexto,categoria,por_que_essa_fonte_importa,tipo_de_evidencia_esperada,dores_potenciais,pode_conter_reviews_ou_comentarios,pode_conter_fotos_de_paginas_do_planner,pode_conter_linguagem_de_venda,prioridade_de_analise,dificuldade_de_extracao,observacao_de_acesso,termos_de_busca_que_levaram_a_essa_fonte
https://www.etsy.com/shop/FutureADHD,FutureADHD - Digital & Printable ADHD Planner (6000+ reviews),Etsy,marketplace,EN,Internacional,concorrente_direto,Maior loja de planners para TDAH no Etsy. Mais de 6000 reviews positivos. Produto criado por pessoa com TDAH baseado em pesquisa científica. Oferece digital e printable.,"Reviews de compradores, fotos de templates, descrição de funcionalidades","Abandono de planners, dificuldade de consistência, sobrecarga de planejamento",Sim,Sim,Sim,alta,media,Acesso público via Etsy,ADHD planner etsy bestseller
https://futureadhd.com/planner/,Future ADHD Planner - Página Oficial,Website,landing_page,EN,Internacional,concorrente_direto,"Página de venda do planner mais popular. Destaca 100.000+ usuários, design baseado em ciência (função executiva, dopamina, motivação). Criado por Grace - autora e podcast host. Foco em 'não punir inconsistência'.","Testemunhos, descrição de funcionalidades, prova social, copy de venda","Culpa por inconsistência, abandono de planners, sobrecarga cognitiva",Sim,Sim,Sim,alta,facil,Acesso público,ADHD planner best seller
https://futureadhd.gumroad.com/l/vasad,2024&2023 ADHD Daily Planner Printable - RAINBOW,Gumroad,marketplace,EN,Internacional,concorrente_direto,Planner printable para TDAH com atualizações vitalícias. Inclui calendário 2024 + versões anteriores. Formato digital.,"Descrição de produto, possíveis reviews","Abandono, necessidade de atualizações, flexibilidade",Sim,Sim,Sim,media,facil,Acesso público via Gumroad,ADHD printable planner
https://plannerlover.gumroad.com/l/adhdplanner,"ADHD planner Adults, work, organization, journal",Gumroad,marketplace,EN,Internacional,concorrente_direto,"Planner para TDAH com 8000+ vendas desde 2021. Inclui versão digital, printable em 3 formatos, adesivos. Templates específicos: Focus Plan, Reward Chart, Staying on Task, Prioritizing Goals.","Descrição detalhada, social proof (8000+ vendas), reviews","Dificuldade de foco, priorização, organização de rotina",Sim,Sim,Sim,alta,facil,Acesso público via Gumroad,ADHD planner printable
https://habitlabworks.gumroad.com/l/ADHDPlannerAICoach,ADHD Planner + ADHD Cognotype AI Coach,Gumroad,marketplace,EN,Internacional,concorrente_direto,Combina planner digital com coaching de IA. Usa framework Cognotype™. PDF printable/tablet-friendly.,"Descrição de produto, funcionalidades","Necessidade de personalização, coaching, suporte contínuo",Sim,Sim,Sim,media,facil,Acesso público via Gumroad,ADHD planner AI coach
https://craftedcharts.com/products/adhd-planner-for-adults,Best Planner for ADHD | Printable PDF - CraftedCharts,Shopify,marketplace,EN,Internacional,concorrente_direto,"Planner printable 40 páginas com template Canva. Brain Dump, Challenge Logs, Goal Synergy Map. Foco em 'executive dysfunction loops'.","Descrição de produto, reviews (65+)","Executive dysfunction, brain fog, organização de pensamentos",Sim,Sim,Sim,media,facil,Acesso público,ADHD planner printable PDF
https://www.helloklarity.com/post/adhd-planner/,12 ADHD Planners To Keep You Organized And Productive (Klarity),Blog/Affiliate,review_produto,EN,Internacional,concorrente_direto,Lista dos 12 melhores planners para TDAH incluindo opções físicas e digitais. Reviews de produtos da Amazon com preços e avaliações de usuários.,"Reviews de usuários, comparação de produtos, preços","Abandono de planners, frustração com sistemas anteriores, busca pelo 'planner perfeito'",Sim,Sim,Sim,alta,facil,Acesso público,ADHD planner Amazon review
https://gridfiti.com/notion-adhd-templates/,The 28 Best & Free Notion ADHD Templates,Blog,review_produto,EN,Internacional,concorrente_indireto,"Lista curada de 28 templates Notion para TDAH. Inclui dashboards, life planners, student planners, business templates. Descrição detalhada de cada um.","Comparação de templates, descrição de funcionalidades","Sobrecarga com múltiplas ferramentas, busca por sistema centralizado",Sim,Sim,Não,alta,facil,Acesso público,ADHD Notion template
https://www.notion.com/templates/adhd-planner-focus-planner-productivity-planner,Ultimate ADHD Life Planner 3.0 (Notion Template),Notion,marketplace,EN,Internacional,concorrente_direto,"Template Notion mais vendido para TDAH. 40+ planners incluídos. 10.000+ vendas desde 2021. Templates específicos: Focus Plan, Reward Chart, Declutter Checklist. Inclui faq ADHD e toolbox.","Descrição detalhada, social proof (10.000+ vendas), funcionalidades","Necessidade de sistema personalizado, flexibilidade, sobrecarga",Sim,Sim,Sim,alta,facil,Acesso público,ADHD Notion planner best seller
https://www.notion.com/en-gb/templates/gigi-s-life-organization,THAT GIRL life planner (adhd student planner) - Notion,Notion,marketplace,EN,Internacional,concorrente_direto,Template gratuito e popular para estudantes com TDAH. Reviews positivos destacam facilidade de uso e layout não intimidante (sem triggers como 'Time' ou 'Dated Schedule').,"Reviews de usuários, descrição de funcionalidades","Ansiedade com planners tradicionais, necessidade de sistema simples",Sim,Sim,Não,media,facil,Acesso público,ADHD student planner Notion free
https://www.mercadolivre.com.br/agenda-minhas-rotinas-neurodivergentes-autismo-tdah-planner/up/MLBU3825040133,Agenda Minhas Rotinas Neurodivergentes - TDAH Planner,Mercado Livre,marketplace,PT,Brasil,concorrente_direto,"Agenda física para neurodivergentes (TDAH/Autismo). 176 folhas, espiral. Foco em rotinas e organização.","Descrição de produto, preço, possíveis avaliações","Dificuldade de seguir rotinas, necessidade de estrutura visual",Sim,Sim,Sim,media,facil,Acesso público via Mercado Livre,planner TDAH comprar Brasil
https://shopee.com.br/Agenda-e-Planner-Animamente-Minhas-Rotinas-para-pessoas-Neurodivergentes-Autismo-TDAH-i.554666321.58202167802,Agenda e Planner Animamente Minhas Rotinas para Neurodivergentes,Shopee,marketplace,PT,Brasil,concorrente_direto,Planner para neurodivergentes disponível na Shopee Brasil. Foco em rotinas e organização.,"Descrição de produto, preço, possíveis reviews","Dificuldade de organização, necessidade de rotina estruturada",Sim,Sim,Sim,media,facil,Acesso público via Shopee,planner neurodivergente TDAH
https://qualeamelhor.com.br/melhor-planner-para-quem-tem-tdah,Melhor Planner para quem tem TDAH: Foco e Produtividade,Blog,review_produto,PT,Brasil,concorrente_direto,Guia com 7 planners e agendas desenvolvidos para neurodivergentes. Análise independente com prós e contras. Inclui opções específicas para mulheres com TDAH.,"Comparação de produtos, análise de funcionalidades","Busca pelo planner ideal, sobrecarga com opções, frustração",Sim,Sim,Sim,media,facil,Acesso público,planner TDAH Brasil
https://www.reddit.com/r/ADHD/comments/1qjfaax/why_do_planners_work_until_they_suddenly_dont/,Why do planners work… until they suddenly don't? - r/ADHD,Reddit,reddit_thread,EN,Internacional,dor_de_abandono,Thread com discussão sobre por que planners funcionam por um tempo e depois param. Relatos de pessoas com TDAH sobre ciclo de entusiasmo e abandono. Busca por soluções de longo prazo.,"Relatos pessoais, discussão sobre padrões, sugestões","Abandono de planners, perda de motivação, culpa, busca por consistência",Sim,Não,Não,alta,facil,Acesso público,reddit ADHD planner doesn't work
https://www.reddit.com/r/ADHD/comments/16amcz6/why_doesnt_a_planner_work/,Why doesn't a planner work? - r/ADHD,Reddit,reddit_thread,EN,Internacional,dor_de_abandono,Discussão sobre por que planners 'simples' não funcionam para TDAH. Pessoas recomendam sistemas específicos e compartilham frustrações com sugestões genéricas.,"Relatos de frustração, recomendações, análise de falhas","Frustração com soluções genéricas, dificuldade de manter sistema",Sim,Não,Não,alta,facil,Acesso público,reddit ADHD planner abandoned
https://www.reddit.com/r/adhdwomen/comments/19cluwh/i_have_seen_so_many_adhd_planners_that_just_dont/,I have seen so many 'ADHD planners' that just DON'T... - r/adhdwomen,Reddit,reddit_thread,EN,Internacional,dor_de_sobrecarga,Discussão em comunidade de mulheres com TDAH sobre planners que são overwhelming. Foco em regra #1: não deve parecer uma tarefa usar o planner.,"Relatos femininos sobre sobrecarga, discussão de funcionalidades","Sobrecarga cognitiva, perfectionismo, expectativas irreais",Sim,Não,Não,alta,facil,Acesso público,reddit adhdwomen planner overwhelming
https://www.reddit.com/r/adhdwomen/comments/1lq1347/what_kind_of_planner_do_you_use/,What kind of planner do you use? - r/adhdwomen,Reddit,reddit_thread,EN,Internacional,linguagem_emocional,"Thread pedindo recomendações de planners. Discussão sobre o que funciona para mulheres com TDAH - papel vs digital, complexidade vs simplicidade.","Recomendações, relatos de uso, comparações","Busca por sistema que funcione, frustração com opções anteriores",Sim,Não,Não,alta,facil,Acesso público,reddit adhdwomen planner recommendation
https://www.reddit.com/r/TDAH_Brasil/comments/1j5mzwa/é_possível_de_forma_genuína_ser_organizado_com_tdah/,"É possível, de forma genuína, ser organizado com TDAH? - r/TDAH_Brasil",Reddit,reddit_thread,PT,Brasil,dor_de_rotina,"Thread brasileira sobre organização com TDAH. Discussão sobre frustração ao tentar se organizar, inspiração que não dura, busca por métodos genuínos.","Relatos pessoais, discussão sobre desafios, sugestões","Frustração com organização, dificuldade de manter rotina, culpa",Sim,Não,Não,alta,facil,Acesso público,reddit TDAH Brasil organização
https://www.reddit.com/r/TDAH_Brasil/comments/108aep5/agenda_física_ou_virtual/,Agenda física ou virtual? - r/TDAH_Brasil,Reddit,reddit_thread,PT,Brasil,dor_de_esquecimento,Discussão brasileira sobre preferência entre agenda física e digital. Relatos sobre dificuldade de organização de compromissos como pior problema do TDAH.,"Relatos de preferência, dificuldades, recomendações","Esquecimento de compromissos, dificuldade de organização",Sim,Não,Não,alta,facil,Acesso público,reddit TDAH agenda física virtual
https://livingwithadultadhd.quora.com/What-is-the-best-calendar-and-or-planner-for-people-with-ADHD,What is the best calendar and/or planner for people with ADHD? - Quora,Quora,forum,EN,Internacional,linguagem_emocional,"Resposta detalhada com regras para manter calendário/planner. Foco em: não deve ser um segundo emprego, deve ser conveniente, cute não é funcional.","Recomendações pessoais, sistema desenvolvido, dicas práticas","Frustração com sistemas complexos, busca por praticidade",Sim,Não,Não,alta,facil,Acesso público,quora ADHD planner best
https://www.quora.com/What-is-the-best-daily-planner-for-people-with-ADHD,What is the best daily planner for people with ADHD? - Quora,Quora,forum,EN,Internacional,linguagem_emocional,"Resposta recomendando Google Calendar. Argumentos sobre flexibilidade, lembretes personalizáveis, sincronização entre dispositivos. Visão de que planners manuais não oferecem essa flexibilidade.","Recomendação, comparação, justificativa","Perda de informação, necessidade de lembretes, flexibilidade",Sim,Não,Não,media,facil,Acesso público,quora ADHD planner recommendation
https://www.youtube.com/watch?v=DHM488CpT7Y,The Best Planners That Work for my ADHD Brain,YouTube,youtube_video,EN,Internacional,linguagem_emocional,Vídeo do canal How to ADHD (Jessica) sobre planners que funcionam. Dicas práticas sobre produtividade adaptada para TDAH. Mais de 1M de visualizações.,"Recomendações visuais, demonstração de planners, dicas","Busca por sistema funcional, frustração com métodos tradicionais",Sim,Não,Não,alta,media,"Acesso público, requer extração de comentários",YouTube ADHD planner review
https://www.youtube.com/watch?v=5FEF2FvHCec,Sintomas Mais Comuns no TDAH Adulto,YouTube,youtube_video,PT,Brasil,evidencia_psicologica,"Vídeo brasileiro sobre sintomas de TDAH em adultos. Inclui descuido, falta de organização, dificuldade de concentração, inquietação. Canal com conteúdo especializado.","Informação educativa, sintomas, dicas","Desorganização, falta de foco, dificuldade em seguir rotinas",Sim,Não,Não,media,media,"Acesso público, requer extração de comentários",YouTube TDAH adulto sintomas
https://itsadhdfriendly.com/adhd-planners/,Why Your ADHD Planner Stops Working After 2 Weeks (And How to Fix It),Blog,artigo_psicologia,EN,Internacional,dor_de_abandono,Artigo de coach de TDAH explicando por que planners param de funcionar depois de 2 semanas. Baseado em pesquisa de 130k seguidores. 3 habilidades essenciais para sustentar planejamento.,"Análise de padrão, soluções baseadas em evidência, coaching","Abandono de planners, falta de habilidade de planejamento, busca por sistema sustentável",Sim,Não,Sim,alta,facil,Acesso público,ADHD planner stops working 2 weeks
https://www.getinflow.io/post/planners-and-adhd,5 reasons why ADHDers never use their planners (and how to change that),Blog,artigo_psicologia,EN,Internacional,dor_de_abandono,"5 razões pelas quais pessoas com TDAH abandonam planners: perfeccionismo, complexidade desnecessária, tentando resolver problema errado, perdendo o planner, não sincronizado com vida.","Análise de padrões, soluções práticas, coaching","Perfeccionismo, perda de itens, falta de integração, complexidade",Sim,Não,Sim,alta,facil,Acesso público,ADHD planner abandoned reasons
https://weirdlysuccessful.org/adhd-planners/,"ADHD Planners: Bad advice, myths, solutions and best choices",Blog,artigo_psicologia,EN,Internacional,dor_de_abandono,Artigo detalhado sobre mitos de planners para TDAH. Explica função executiva e por que não existe 'um planner perfeito'. Dicas para descobrir estilo pessoal.,"Análise de mitos, recomendações por perfil, dicas práticas","Busca pelo planner perfeito, frustração com soluções genéricas",Sim,Não,Sim,alta,facil,Acesso público,ADHD planner myths solutions
https://affine.pro/blog/minimalist-bullet-journal-adhd,Minimalist Bullet Journal ADHD: Tame The Chaos In Your Brain,Blog,artigo_psicologia,EN,Internacional,dor_de_sobrecarga,Artigo sobre bullet journal minimalista para TDAH. Explica por que planners elaborados falham. Criado por Ryder Carroll (tem TDAH). Comparação entre minimalista vs elaborado.,"Análise de abordagens, comparação minimalista vs elaborado, dicas","Sobrecarga com planners complexos, perfectionismo, abandono",Sim,Não,Sim,alta,facil,Acesso público,bullet journal ADHD minimalist
https://www.wonderstruct.co/insights/the-best-adhd-planners-for-professionals-in-2026,The Best ADHD Planners for Professionals in 2026,Blog,review_produto,EN,Internacional,concorrente_direto,"Review de planners para profissionais com TDAH. Inclui Laurel Denise, Full Focus, Bullet Journal, Ink and Volt. Experiência pessoal com cada sistema e por que funcionou ou não.","Reviews detalhados, experiência de uso, comparação","Busca por sistema profissional, falha de sistemas anteriores",Sim,Não,Sim,alta,facil,Acesso público,ADHD planner professionals review
https://www.additudemag.com/best-journals-planners-adhd-time-management/,15 Best Journals & Planners: Our Readers' Favorites - ADDitude,ADDitude Magazine,review_produto,EN,Internacional,concorrente_direto,"Lista de 15 planners e journals favoritos de leitores da ADDitude. Inclui Happy Planner, Planner Pads, Panda Planner, Moleskine, Rocketbook, etc. Reviews de usuários reais.","Reviews de usuários, comparação, experiências","Busca por planner ideal, frustração com opções anteriores",Sim,Não,Sim,alta,facil,Acesso público,ADDitude best planners ADHD
https://prettyprogress.app/blog/best-productivity-apps-for-adhd,Unleash Focus: Best Productivity Apps for ADHD,Blog,app_review,EN,Internacional,concorrente_indireto,"Review detalhado de 12 apps de produtividade para TDAH: Pretty Progress, Tiimo, Structured, TickTick, Todoist, Sunsama, Forest, Opal, Habitica, Brain.fm. Comparação por tipo de dor.","Comparação de funcionalidades, reviews, preços","Time blindness, task capture, overcommitment, distraction",Sim,Não,Sim,alta,facil,Acesso público,ADHD productivity apps comparison
https://www.morgen.so/blog-posts/adhd-productivity-apps,"Best ADHD Apps for Focus, Planning & Time Management (2026)",Blog,app_review,EN,Internacional,concorrente_indireto,"Review de 7 apps: Morgen, Motion, Tiimo, Sunsama, Todoist, Forest, Goblin Tools. Tabela comparativa com preços, ratings. Análise de funcionalidades específicas para TDAH.","Tabela comparativa, reviews, análise de funcionalidades","Time blindness, overcommitting, distraction, task paralysis",Sim,Não,Sim,alta,facil,Acesso público,ADHD productivity apps 2026
https://www.morgen.so/blog-posts/best-daily-planner-for-adhd,5 Best Daily Planners for ADHD & How to Choose One in 2026,Blog,app_review,EN,Internacional,concorrente_indireto,"Review de planners digitais: Morgen, Motion, Akiflow, Tiimo. Análise de funcionalidades específicas para TDAH: time blocking, AI planning, visual scheduling.","Reviews detalhados, comparação, dicas de uso","Sobrecarga de escolhas, busca por sistema integrado",Sim,Não,Sim,alta,facil,Acesso público,best daily planner ADHD 2026
https://add.org/adhd-planner/,ADHD Planners for Adults: Tools for Organization & Productivity,ADD,review_produto,EN,Internacional,concorrente_direto,"Review comparando 6 planners: Planner Pad, Panda Planner, Passion Planner, Happy Planner, Notion, Structured. Tabela com features. Review da ADDA (Planner Pads).","Tabela comparativa, reviews, análise","Busca por sistema adequado, dificuldade de escolha",Sim,Não,Sim,alta,facil,Acesso público,ADDA ADHD planner review
https://aiinsightsnews.net/tiimo/,Tiimo App Review (2026): Is It Worth It for ADHD?,Blog,app_review,EN,Internacional,concorrente_indireto,"Review detalhado do Tiimo (App of the Year 2025). Análise de funcionalidades: visual timelines, AI Co-planner, State of Mind. Comparação com Structured e Google Calendar.","Review detalhado, comparação, análise de UX","Time blindness, executive dysfunction, overwhelm",Sim,Não,Sim,alta,facil,Acesso público,Tiimo ADHD app review
https://www.businessinsider.com/i-tried-tiimo-apple-iphone-app-of-the-year-2025-12,"I Tried AI Planner Tiimo, Apple's iPhone App of the Year",Business Insider,app_review,EN,Internacional,concorrente_indireto,"Review do Tiimo por jornalista neurodivergente. Teste gratuito por 48h. Análise de UX minimalista, AI assistant, visual scheduling.","Experiência de uso, análise de funcionalidades","Busca por app visual, simplicidade, neurodivergência",Sim,Não,Sim,media,facil,Acesso público,Tiimo app review Business Insider
https://www.getinflow.io/post/productivity-apps-for-adhd,The best productivity tools and apps for people with ADHD,Blog,app_review,EN,Internacional,concorrente_indireto,"Lista de 11 ferramentas: Inflow, brain dump, Google Calendar, Pomodoro, Notion, Remember the Milk, Habitica, Cozi, Sunsama. Inclui medicação (Medisafe).","Comparação, descrição de funcionalidades","Gerenciamento de sintomas, lembretes de medicação, organização familiar",Sim,Não,Sim,media,facil,Acesso público,ADHD productivity tools apps
https://sachscenter.com/adhd-time-management-tools/,12 ADHD Time Management Tools: Conquer Your Day,Blog,app_review,EN,Internacional,concorrente_indireto,"Review de 12 ferramentas: Tiimo, Todoist, TickTick, Forest, RescueTime, Notion, Brili, Sunsama, Focus@Will, Remember The Milk, Trello, Akiflow. Tabela comparativa detalhada.","Tabela comparativa, reviews, análise","Gerenciamento de tempo, foco, organização",Sim,Não,Sim,alta,facil,Acesso público,ADHD time management tools
https://pmc.ncbi.nlm.nih.gov/articles/PMC7092442/,"Empirical examination of executive functioning, ADHD behaviors, functional impairments in adults",PubMed/NCBI,artigo_cientifico,EN,Internacional,evidencia_psicologica,"Estudo com 115 adultos comparando funções executivas em TDAH persistente, remitente e sem TDAH. Plan/organize é marcador importante de persistência. Self-concept afeta impairment funcional.","Dados estatísticos, modelos estruturais, análise de funções executivas","Deficits de planejamento/organização, memória de trabalho, autocontrole",Não,Não,Não,alta,facil,Open Access (PMC),ADHD executive function research PubMed
https://pmc.ncbi.nlm.nih.gov/articles/PMC11278469/,Systematic Review of Executive Function Stimulation Methods in the ADHD Population,PubMed/NCBI,artigo_cientifico,EN,Internacional,evidencia_psicologica,"Revisão sistemática de métodos de estimulação de funções executivas em TDAH. 31 estudos. Working memory mais melhorada (15 estudos), seguido de inibição (12).","Tabela de estudos, análise de intervenções, resultados","Deficits em memória de trabalho, inibição, planejamento",Não,Não,Não,alta,facil,Open Access (PMC),ADHD executive function systematic review
https://chadd.org/about-adhd/executive-function-skills/,Executive Function Skills - CHADD,CHADD,artigo_psicologia,EN,Internacional,evidencia_psicologica,Artigo oficial da CHADD sobre funções executivas. Explica modelos de Barkley (4 áreas) e Brown (6 clusters). Relação entre FE e TDAH.,"Explicação teórica, modelos, referências","Deficits em organização, priorização, gestão de tempo",Não,Não,Não,alta,facil,Acesso público,CHADD executive function skills
https://add.org/adhd-time-blindness/,ADHD Time Blindness: How to Detect It & Regain Control Over Time,ADD,artigo_psicologia,EN,Internacional,evidencia_psicologica,"Artigo sobre time blindness em TDAH. Estratégias: lembretes, alarmes, tracking intencional de tempo, técnicas de gerenciamento (Pomodoro, time blocking).","Estratégias práticas, explicação de conceito","Time blindness, dificuldade de estimar tempo, procrastinação",Não,Não,Não,alta,facil,Acesso público,ADHD time blindness strategies
https://www.everydayhealth.com/neurological-disorders/non-medication-adhd-hacks-for-time-blindness-and-deep-work/,Conquer ADHD Time Blindness: 6 Practical Hacks for Deep Focus,Everyday Health,artigo_psicologia,EN,Internacional,evidencia_psicologica,"6 hacks práticos para time blindness: timers, hard deadlines, visual planners, landing pads, simplified workspace, body doubling.","Dicas práticas, estratégias, recomendações de ferramentas","Time blindness, dificuldade de foco, organização de espaço",Não,Não,Não,alta,facil,Acesso público,ADHD time blindness hacks
https://drjoaobomfimpsiquiatra.com.br/por-que-o-tdah-facilita-a-procrastinacao-entenda-a-relacao-e-como-reduzir-seus-impactos/,Por que o TDAH Facilita a Procrastinação? Entenda a Relação e Como Reduzir Seus Impactos,Blog,artigo_psicologia,PT,Brasil,evidencia_psicologica,"Artigo brasileiro sobre relação entre TDAH e procrastinação. Explica mecanismos neurobiológicos (dopamina), dificuldade de iniciar tarefas, desorganização, percepção distorcida do tempo. Estratégias práticas.","Explicação de mecanismos, estratégias práticas","Procrastinação, culpa, dificuldade de iniciar tarefas",Não,Não,Sim,alta,facil,Acesso público,TDAH procrastinação mecanismos
https://institutoneurosaber.com.br/artigos/dificuldade-de-organizacao-no-tdah/,Dificuldade de organização no TDAH,Blog,artigo_psicologia,PT,Brasil,evidencia_psicologica,Artigo brasileiro sobre dificuldade de organização no TDAH. Relação com funções executivas. Tabela de situações do dia a dia e impactos. FAQ.,"Tabela de situações, explicação teórica, FAQ","Desorganização, dificuldade em seguir rotinas, impacto na autoestima",Não,Não,Não,media,facil,Acesso público,TDAH dificuldade organização
https://blog.psicologogustavoassis.com.br/post/tdah-na-rotina-profissional-organizacao-foco-controle-impulsividade,"TDAH na rotina profissional: organização, foco e controle da impulsividade",Blog,artigo_psicologia,PT,Brasil,evidencia_psicologica,"Artigo brasileiro sobre TDAH no trabalho. Desafios: seguir etapas, organizar informações, esquecimentos, impulsividade, procrastinação. Estratégias: dividir tarefas, priorizar, Pomodoro, checklist.","Estratégias práticas, relatos de desafios","Procrastinação, sobrecarga, dificuldade de foco, impulsividade",Não,Não,Não,media,facil,Acesso público,TDAH rotina profissional
https://www.patriciasung.com/adhdcalendar,Daily Planning: How to Use a Planner for ADHD Moms,Website,landing_page,EN,Internacional,dor_de_culpa,"Página de venda de curso para mães com TDAH sobre uso de planner. Copy emocional forte: culpa, esquecimento, vergonha. Promete 'learned skill' em formato ADHD-friendly.","Testemunhos, descrição de curso, copy de venda","Culpa de esquecer compromissos dos filhos, sobrecarga, vergonha, busca por controle",Sim,Não,Sim,alta,facil,Acesso público,ADHD mom planner course
https://www.etsy.com/listing/4489515310/adhd-daily-planner-for-overwhelmed-moms,ADHD Daily Planner for Overwhelmed Moms | Printable,Etsy,marketplace,EN,Internacional,dor_de_sobrecarga,Planner printable específico para mães sobrecarregadas com TDAH. Excel/Google Sheets. 'Executive Function Reset'. 'Simple Routine Organizer'.,"Descrição de produto, possíveis reviews","Sobrecarga de mães, necessidade de rotina simples, reset de função executiva",Sim,Sim,Sim,alta,facil,Acesso público via Etsy,ADHD planner overwhelmed moms
https://www.additudemag.com/adhd-routines-that-work/,Q: How Can a Mom with ADHD Build Consistent Routines? - ADDitude,ADDitude,artigo_psicologia,EN,Internacional,dor_de_rotina,"Resposta de especialista para mãe com TDAH sobre construção de rotinas. 3 princípios: máscara de oxigênio primeiro, direito de dizer não, construir sobre sucessos.","Conselho especializado, estratégias práticas","Falha em manter rotinas, sobrecarga de maternidade, culpa",Não,Não,Não,alta,facil,Acesso público,ADHD mom routines consistent
https://mariliacordeiro.com/blog/pessoas-com-tdah/,Como a organização pessoal pode ser uma aliada para pessoas com TDAH?,Blog,artigo_psicologia,PT,Brasil,evidencia_psicologica,"Artigo brasileiro sobre organização para TDAH. Dicas práticas: lidar com estresse, ambiente de trabalho, agenda, alarmes, dividir tarefas. Foco em produtividade e qualidade de vida.","Dicas práticas, estratégias de organização","Desorganização, estresse, procrastinação, esquecimentos",Não,Não,Sim,media,facil,Acesso público,TDAH organização pessoal dicas
https://psiquiatrajaquelinebifano.com.br/tdah-na-vida-adulta-dicas-para-amenizar-os-sintomas/,TDAH na vida adulta: 10 dicas para amenizar os sintomas,Blog,artigo_psicologia,PT,Brasil,evidencia_psicologica,"10 dicas para adultos com TDAH: hábitos saudáveis, métodos de organização, evitar deixar para depois, fazer uma coisa de cada vez, administrar horários, descansar mente, conhecer horários produtivos, ter apoio, dizer não, fazer terapia.","Dicas práticas, orientação médica","Instabilidade profissional, dificuldade de rotina, impulsividade",Não,Não,Não,media,facil,Acesso público,TDAH adulto dicas sintomas
https://www.additudemag.com/perfectionism-adhd-not-good-enough-anxiety/,When Perfectionism Stems from ADHD: Challenging 'Not Good Enough' - ADDitude,ADDitude,artigo_psicologia,EN,Internacional,dor_de_culpa,"Artigo sobre relação entre perfeccionismo e TDAH. Como escapar da armadilha: awareness, mindfulness, investigar padrões, impostor syndrome, self-compassion phrases.","Estratégias terapêuticas, análise psicológica","Perfeccionismo, culpa, impostor syndrome, vergonha",Não,Não,Não,alta,facil,Acesso público,ADHD perfectionism guilt shame
https://futureadhd.com/reviews/,Future ADHD Planner - Reviews Page (100K+ community),Website,landing_page,EN,Internacional,prova_social,"Página de reviews/testemunhos do Future ADHD. 6800+ reviews verificadas. Depoimentos de professores, pessoas com dislexia, ansiedade. Copy: 'growth mindset', 'designed for our types'.","Testemunhos verificados, social proof, linguagem emocional","Frustração com planners anteriores, busca por pertencimento, necessidade de flexibilidade",Sim,Não,Sim,alta,facil,Acesso público,Future ADHD planner reviews testimonials
https://planprintland.com/products/printable-adhd-planner,Printable ADHD Planner [71 PAGES] - PlanPrintLand,Shopify,landing_page,EN,Internacional,concorrente_direto,"Landing page de planner printable. 65 reviews. 71 páginas. Brain dump, habit tracker, mood tracker, goal setting. Foco em 'regain control', 'designed with ADHD brain in mind'.","Reviews, descrição de funcionalidades, copy de venda","Busca por controle, organização, sistema simples",Sim,Sim,Sim,media,facil,Acesso público,ADHD planner printable landing page
https://baodigitals.gumroad.com/,Boho-Themed ADHD Digital Planner - bao the digital planner!,Gumroad,marketplace,EN,Internacional,concorrente_direto,"Planner digital com tema boho. 'Designed for Real ADHD Rhythms'. Brain dump pages, priority check-ins, self-care prompts. Minimalista, não-clínico.","Descrição de produto, estética, funcionalidades","Busca por estética, flexibilidade, não-julgamento",Sim,Sim,Sim,media,facil,Acesso público via Gumroad,ADHD digital planner boho aesthetic
https://blog.reservatoriodedopamina.com.br/tdah-e-rotina-estrategias-para-organizacao-e-produtividade/,TDAH e Rotina: estratégias para organização e produtividade,Blog,artigo_psicologia,PT,Brasil,evidencia_psicologica,"Artigo do Reservatório de Dopamina (maior comunidade sobre desenvolvimento humano do Brasil). Estratégias para rotina: entender TDAH, definir objetivos, estruturar rotina, usar lembretes, priorizar, pausas, simplificar.","Estratégias práticas, dados estatísticos (ABDA: 5-8% população mundial)","Dificuldade de manter rotina, sobrecarga, procrastinação",Não,Não,Sim,media,facil,Acesso público,TDAH rotina estratégias Brasil
https://tdah.org.br/tdah-no-adulto-algumas-estrategias-para-o-dia-a-dia/,TDAH no Adulto - algumas estratégias para o dia a dia (ABDA),ABDA,artigo_psicologia,PT,Brasil,evidencia_psicologica,"Artigo oficial da ABDA (Associação Brasileira do Déficit de Atenção). Lista completa de sintomas em adultos. Estratégias divididas em 3 partes: estresse/humor, organização, administração de tempo.","Lista de sintomas, estratégias práticas, referência institucional","Instabilidade profissional, procrastinação, dificuldade de planejamento, ansiedade",Não,Não,Não,alta,facil,Acesso público,ABDA TDAH adulto estratégias
https://cellerafarma.com.br/minha-saude/dicas-de-organizacao-para-quem-tem-tdah/,Dicas de organização para quem tem TDAH,Blog,artigo_psicologia,PT,Brasil,evidencia_psicologica,"Artigo brasileiro com dicas de organização. Uso de planejador de tempo, organização por prioridade, fragmentação de tarefas, criar 'lar' para cada item. Dados ABDA.","Dicas práticas, organização de ambiente e tempo","Desorganização, perda de objetos, esquecimento de contas, procrastinação",Não,Não,Não,media,facil,Acesso público,TDAH dicas organização
https://cartacapital.com.br/bem-estar/3-impactos-do-tdah-na-rotina-de-adultos/,3 impactos do TDAH na rotina de adultos - CartaCapital,CartaCapital,artigo_psicologia,PT,Brasil,evidencia_psicologica,"Artigo em veículo de mídia brasileiro. 3 impactos: dificuldade de foco, problemas de organização/planejamento, impulsividade. Entrevista com coordenadora de Psicologia.","Informação jornalística, fonte acadêmica","Produtividade reduzida, sensação de incapacidade, falta de organização",Não,Não,Não,media,facil,Acesso público,TDAH impacto rotina adulto
https://viverbem.unimedbh.com.br/saude-no-trabalho/tdah-em-adultos/,TDAH em adultos: entenda tudo sobre diagnóstico e tratamento - Unimed BH,Unimed,artigo_psicologia,PT,Brasil,evidencia_psicologica,"Artigo de saúde sobre TDAH em adultos. Sintomas, diagnóstico, tratamento. Estratégias: exercícios, sono, alimentação, agenda, listas, priorização, rotina.","Informação médica, estratégias práticas","Falta de foco, dificuldade de rotina, esquecimentos, procrastinação",Não,Não,Não,media,facil,Acesso público,TDAH adulto diagnóstico tratamento
https://www.clickup.com/pt-BR/blog/422030/planejadores-para-tdah,os 11 melhores planejadores para TDAH para manter o foco - ClickUp,ClickUp,landing_page,PT,Brasil,concorrente_indireto,"Artigo do ClickUp em português sobre planners para TDAH. Tabela comparativa. Inclui Todoist, Evernote, Habitica, etc. Copy de venda para ferramenta ClickUp.","Tabela comparativa, descrição de funcionalidades, copy de venda","Busca por planejamento digital, gerenciamento de tarefas",Sim,Não,Sim,media,facil,Acesso público,planejadores para TDAH clickup
https://www.additudemag.com/perfectionism-adhd-not-good-enough-anxiety/,When Perfectionism Stems from ADHD: Challenging 'Not Good Enough',ADDitude,artigo_psicologia,EN,Internacional,dor_de_culpa,"Artigo sobre perfeccionismo e TDAH. Como a busca pela perfeição paralisa. Estratégias de autocompaixão, mindfulness, endereçar impostor syndrome.","Análise psicológica, estratégias terapêuticas","Perfeccionismo, culpa, impostor syndrome, vergonha",Não,Não,Não,alta,facil,Acesso público,ADHD perfectionism guilt
https://www.erincondren.com/inspiration-center-best-planner-adhd,Choosing the Best Planner for an ADHD Brain - Erin Condren,Erin Condren,landing_page,EN,Internacional,concorrente_direto,"Landing page da Erin Condren sobre planners para TDAH. Apresenta produtos próprios (LifePlanner, Daily, Monthly, PetitePlanner) com argumentos de venda baseados em TDAH.","Descrição de produtos, copy de venda","Busca por planner estruturado, organização",Sim,Sim,Sim,media,facil,Acesso público,ADHD planner Erin Condren
https://affine.pro/blog/mood-tracking-in-bullet-journal-adhd,Mood Tracking In Bullet Journal ADHD + Shame-Free Restart Protocol,Blog,artigo_psicologia,EN,Internacional,dor_de_culpa,Artigo sobre rastreamento de humor em bullet journal. Protocolo de reinício sem vergonha após gaps. Estudos sobre autocrítica excessiva prejudicar progresso.,"Protocolo prático, referências a pesquisas","Culpa por gaps, vergonha, abandono, necessidade de reinício",Não,Não,Sim,alta,facil,Acesso público,ADHD bullet journal shame restart
https://www.giovannipsicologopelotas.com.br/post/tenho-tdah-e-agora-um-guia-completo-para-adultos-recem-diagnosticados,"Tenho TDAH, e Agora? Um Guia Completo para Adultos Recém-Diagnosticados",Blog,artigo_psicologia,PT,Brasil,evidencia_psicologica,"Guia completo para adultos recém-diagnosticados. Impacto emocional, trabalho, estudos, relacionamentos. Recursos confiáveis: ABDA, CHADD, ADDitude.","Guia completo, recursos, estratégias","Impacto emocional do diagnóstico, desafios profissionais/acadêmicos",Não,Não,Não,alta,facil,Acesso público,TDAH adulto recém diagnosticado guia
https://www.cnnbrasil.com.br/saude/tdah/,"TDAH: o que é, características e tratamento - CNN Brasil",CNN Brasil,artigo_psicologia,PT,Brasil,evidencia_psicologica,"Artigo da CNN Brasil sobre TDAH. Dados estatísticos: 2 milhões de adultos no Brasil com sintomas. Características: desatenção, hiperatividade, impulsividade. Dados ABDA.","Dados estatísticos, informação jornalística","Subdiagnóstico no Brasil, impacto na vida adulta",Não,Não,Não,media,facil,Acesso público,TDAH CNN Brasil estatísticas
https://downloads.editoracientifica.com.br/articles/250619469.pdf,POR QUE A PROCRASTINAÇÃO É TÃO COMUM EM ADULTOS COM TDAH,Editora Científica,artigo_cientifico,PT,Brasil,evidencia_psicologica,"Capítulo acadêmico sobre procrastinação em adultos com TDAH. Revisão narrativa da literatura. Relação com funções executivas, impulsividade, depressão, ansiedade.","Revisão de literatura, dados acadêmicos","Procrastinação, funções executivas, impacto emocional",Não,Não,Não,alta,facil,PDF acessível,TDAH procrastinação artigo científico
https://www.reddit.com/r/productivity/comments/13ft6rw/i_was_watching_jessicas_howtoadhd_youtube_channel/,How to ADHD YouTube productivity tips - r/productivity,Reddit,reddit_thread,EN,Internacional,linguagem_emocional,"Thread sobre dicas do canal How to ADHD. Técnicas: remix Pomodoro, break tasks down, figure out why procrastinating. Discussão de estratégias que funcionam.","Relatos, recomendações, dicas práticas","Procrastinação, busca por técnicas que funcionem",Sim,Não,Não,media,facil,Acesso público,reddit How to ADHD productivity tips
https://www.reddit.com/r/ProductivityApps/comments/1cq6u8y/best_productivity_and_organizational_apps_for_adhd/,Best productivity and organizational apps for ADHD - Reddit,Reddit,reddit_thread,EN,Internacional,linguagem_emocional,"Thread pedindo melhores apps de produtividade para TDAH. Discussão sobre Pomodoro, estratégias, recomendações da comunidade.","Recomendações de apps, estratégias","Busca por ferramentas adequadas, sobrecarga de opções",Sim,Não,Não,media,facil,Acesso público,reddit ADHD productivity apps best
