url,titulo,plataforma,tipo_de_fonte,idioma,pais_ou_contexto,categoria,por_que_essa_fonte_importa,tipo_de_evidence_esperada,dores_potenciais,pode_conter_reviews_ou_comentarios,pode_conter_fotos_de_paginas_do_planner,pode_conter_linguagem_de_venda,prioridade_de_analise,dificuldade_de_extracao,observacao_de_acesso,termos_de_busca_que_levaram_a_essa_fonte
https://www.amazon.com/ADHD-Planner-Adults-Productivity-Neurodivergent/dp/B0D422797L,ADHD Planner for Adults - The 4 Month Undated Monthly Weekly Daily Focus and Productivity Planner,Amazon,marketplace,inglês,EUA/Global,concorrente_direto,Produto físico com foco específico em cérebros neurodivergentes.,"Reviews de compradores, fotos de páginas","Dificuldade de manter foco, necessidade de estrutura flexível",Sim,Sim,Sim,alta,facil,Acesso público,"site:amazon.com ""ADHD planner"" customer reviews"
https://www.reddit.com/r/ADHD/comments/16amcz6/why_doesnt_a_planner_work/,Why doesn't a planner work?,Reddit,reddit_thread,inglês,Global,dor_de_abandono,Discussão profunda sobre as falhas de planners tradicionais para TDAH.,"Relatos espontâneos, frustrações","Abandono de planner, culpa, sobrecarga",Sim,Não,Não,alta,media,"Público, comentários ricos","site:reddit.com/r/ADHD ""planner"" OR ""organization"""
https://hotmart.com/pt-br/marketplace/produtos/planner-tdah-maes-empreendedoras-2026/B104560263B,Planner TDAH Mães Empreendedoras 2026,Hotmart,pagina_venda,português,Brasil,concorrente_direto,Foco em nicho específico (mães empreendedoras) com TDAH.,"Linguagem de venda, features específicas","Sobrecarga, rotina do digital, produtividade gentil",Sim,Sim,Sim,alta,facil,Público,"site:hotmart.com ""planner TDAH"""
https://pmc.ncbi.nlm.nih.gov/articles/PMC7485505/,Reduced organizational skills in adults with ADHD are due to difficulty using strategies,NCBI/PMC,artigo_cientifico,inglês,Acadêmico,evidencia_psicologica,"Explica que o problema não é a falta de estratégias, mas a dificuldade em usá-las continuamente.","Dados científicos, insights de comportamento","Dificuldade de manutenção de rotina, função executiva",Não,Não,Não,alta,facil,Público,ADHD executive function organization strategies research
https://www.amazon.com/adhd-anti-planner/s?k=adhd+anti-planner,The ADHD Anti-Planner (Search Results),Amazon,marketplace,inglês,Global,concorrente_direto,O 'Anti-Planner' é um dos maiores concorrentes com abordagem única.,"Reviews massivos, linguagem de marketing alternativa",Frustração com métodos tradicionais,Sim,Sim,Sim,alta,facil,Público,"site:amazon.com ""ADHD planner"" customer reviews"
https://futureadhd.gumroad.com/l/vasad,2024&2023 - ADHD Daily Planner Printable - RAINBOW,Gumroad,pagina_venda,inglês,Global,concorrente_direto,Formato 'build-as-you-go' específico para TDAH.,"Features de design, promessas de venda","Sobrecarga de planejamento, necessidade de flexibilidade",Sim,Sim,Sim,alta,facil,Público,site:gumroad.com ADHD planner
https://www.reddit.com/r/adhdwomen/comments/166gdql/do_you_find_using_a_dailyweekly_planner_helpful/,Do you find using a daily/weekly planner helpful? (r/adhdwomen),Reddit,reddit_thread,inglês,Mulheres,dor_de_culpa,Foco em mulheres e a barreira mental de tarefas 'insuportáveis'.,"Linguagem emocional, relatos de mães e profissionais","Barreira mental, culpa, paralisia de decisão",Sim,Não,Não,alta,media,Público,"site:reddit.com/r/adhdwomen ""planner"""
https://www.notion.so/templates/adhd-life-planner-birth-flower-design,ADHD Life Planner - Birth Flower Design,Notion,marketplace,inglês,Global,concorrente_direto,Integração com Google Calendar e foco em estética (importante para TDAH).,"Features digitais, reviews de usuários Notion","Esquecimento, falta de centralização",Sim,Sim,Sim,media,facil,Público,site:notion.so templates ADHD planner
https://chadd.org/attention-article/why-adhd-is-more-challenging-for-women/,Why ADHD Is More Challenging for Women,CHADD,artigo_psicologia,inglês,Mulheres,evidencia_psicologica,Explica a internalização da culpa e ansiedade em mulheres com TDAH.,Explicações psicológicas para dores,"Culpa, ansiedade, autocrítica",Não,Não,Não,alta,facil,Público,ADHD adult women organization challenges study
https://apps.apple.com/pt/app/tempus-planejador-tdah/id6751440902,Tempus: Planejador TDAH,App Store,app_review,português,Brasil/Portugal,concorrente_indireto,App específico para TDAH com foco em rotinas claras.,"Reviews de usuários de apps, bugs e desejos","Falta de clareza nas rotinas, complexidade excessiva",Sim,Sim,Sim,media,exige_ferramenta_especifica,Acesso via app ou browser limitado,Tempus: Planejador TDAH App Store
https://creativemarket.com/HelloKarlaCo/92022437-ADHD-Productivity-Planner-Canva,ADHD Productivity Planner Canva,Creative Market,marketplace,inglês,Global,concorrente_direto,Template editável em Canva (muito comum para infoprodutos).,"Design visual, estrutura de páginas",Necessidade de customização,Sim,Sim,Sim,media,facil,Público,site:creativemarket.com ADHD planner
https://www.reddit.com/r/ADHD/comments/18smcln/dont_buy_that_planner_you_know_you_wont_use_it_if/,Don't buy that planner. You know you won't use it.,Reddit,reddit_thread,inglês,Global,objeção_de_compra,Aborda o ceticismo de quem já falhou com muitos planners.,"Objeções de compra, falhas passadas","Desperdício de dinheiro, frustração recorrente",Sim,Não,Não,alta,media,Público,"site:reddit.com/r/ADHD ""planner"""
https://hotmart.com/pt-br/marketplace/produtos/planner-tdah-diario-mensal-2024-sem-guia/B90747282T,Planner TDAH Diário + Mensal 2024 (sem guia),Hotmart,pagina_venda,português,Brasil,concorrente_direto,Exemplo de produto brasileiro simples em PDF.,Linguagem de venda local,"Falta de guia, necessidade de organização diária",Sim,Sim,Sim,media,facil,Público,"site:hotmart.com ""planner TDAH"""
https://www.quora.com/What-is-the-best-daily-planner-for-people-with-ADHD,What is the best daily planner for people with ADHD?,Quora,forum,inglês,Global,oportunidade_de_feature,Respostas de usuários reais sobre o que funciona.,"Sugestões de features, recomendações",Rigidez de sistemas tradicionais,Sim,Não,Não,media,media,Público,"site:quora.com ""best planner for ADHD adults"""
https://www.instagram.com/p/DQt_GAXDulr/,Lançamento de Planner para TDAH (Post),Instagram,post_social,português,Brasil,oportunidade_de_copy,Revela como o produto é apresentado nas redes sociais.,"Comentários de seguidores, engajamento","Saúde mental, organização sem pressão",Sim,Sim,Sim,alta,media,Público (se não logado),"Instagram ""planner TDAH"""
https://www.tiktok.com/@irenelpezassor/video/7195473396736511237,Planner para TDAH: Capítulo 1 y 2 (Video),TikTok,youtube_video,espanhol/português,Global,oportunidade_de_feature,Mostra o conteúdo interno do planner visualmente.,"Visualização de páginas, dicas de organização",Falta de estrutura semanal,Sim,Sim,Sim,media,media,Público,"TikTok ""planner para TDAH"""
https://www.rowancreativeco.com/pages/bundleesp,El Planner para TDAH - Landing Page,Rowan Creative Co,landing_page,espanhol,Global,oportunidade_de_copy,Exemplo de landing page estruturada com base clínica.,"Copywriting, estrutura de oferta","Falta de foco, gestão de tarefas",Não,Sim,Sim,alta,facil,Público,"""planner para TDAH"" landing page"
https://pmc.ncbi.nlm.nih.gov/articles/PMC6406620/,Strategies for Coping with Time-Related and Productivity Challenges,NCBI/PMC,artigo_cientifico,inglês,Acadêmico,evidencia_psicologica,Estuda estratégias reais usadas por estudantes com TDAH.,"Estratégias de compensação, hábitos","Time-blindness, baixa produtividade",Não,Não,Não,alta,facil,Público,ADHD time blindness interventions productivity
https://www.amazon.com.br/Vida-Organizada-com-TDAH-Produtividade-ebook/dp/B0GD8ZY75M,Vida Organizada com TDAH: Planner Completo,Amazon BR,marketplace,português,Brasil,concorrente_direto,E-book/Planner focado no mercado brasileiro.,"Reviews de brasileiros, linguagem local","Mente que nunca desliga, sobrecarga",Sim,Sim,Sim,alta,facil,Público,"site:amazon.com.br ""planner TDAH"""
https://add.org/adhd-time-blindness/,ADHD Time Blindness: How to Detect It & Regain Control,ADDA,artigo_psicologia,inglês,Global,evidencia_psicologica,"Aborda a 'cegueira temporal', uma dor central para o produto.","Dicas práticas, explicações de sintomas","Atrasos, má gestão de tempo",Não,Não,Não,media,facil,Público,ADDA ADHD productivity systems
https://produto.mercadolivre.com.br/MLB-4467078735-planner-tdah-para-maes-seu-caminho-para-mais-calma-organiz-_JM,Planner TDAH para Mães: Seu Caminho Para Mais Calma,Mercado Livre,marketplace,português,Brasil,concorrente_direto,Produto físico no Mercado Livre focado em mães brasileiras com TDAH.,"Reviews de compradoras, perguntas ao vendedor","Falta de calma, desorganização doméstica",Sim,Sim,Sim,alta,facil,Público,planner para mães com TDAH Brasil
https://www.amazon.com.br/Eu-Tenho-Plano-Interativo-Acompanha-ebook/dp/B0DRWFKH36,Eu Tenho um Plano: O Planner Interativo que Acompanha seu TDAH,Amazon BR,marketplace,português,Brasil,concorrente_direto,E-book interativo com metáfora de 'montanha-russa' para mães.,"Linguagem emocional, reviews","Esquecimento (chaves), montanha-russa emocional",Sim,Sim,Sim,alta,facil,Público,planner para mães com TDAH Brasil
https://www.etsy.com/market/adhd_paper_planner_for_women,ADHD Paper Planner for Women (Etsy Market),Etsy,marketplace,inglês,Global,concorrente_direto,Mercado de nicho muito forte para planners físicos e digitais de TDAH.,"Reviews detalhados, fotos de uso real","Gestão de tempo, necessidade de estética e funcionalidade",Sim,Sim,Sim,alta,facil,Público,site:etsy.com ADHD planner reviews
https://medium.com/@Mentalmomboss/the-top-10-planners-on-amazon-for-adhd-moms-who-want-more-focus-freedom-d6b91c165cc1,The Top 10 Planners on Amazon for ADHD Moms,Medium,artigo_psicologia,inglês,Mães,concorrente_indireto,Curadoria de produtos com justificativas focadas em mães com TDAH.,"Comparações, justificativas de escolha",Desejo de liberdade e foco,Não,Sim,Sim,media,facil,Público,"""ADHD planner for moms"" reviews"
https://www.instagram.com/reel/DYiWqS9xKIV/,Daily Planner for Busy Moms with ADHD (Reel),Instagram,post_social,inglês,Mães,oportunidade_de_feature,Mostra o 'Sunday Review' e reflexão semanal como feature.,"Demonstração de uso, comentários","Burnout, falta de reflexão sobre vitórias",Sim,Sim,Sim,alta,media,Público,adhd planner for moms instagram
https://www.etsy.com/search?q=ADHD+planner,Search results for ADHD planner on etsy.com,Etsy,marketplace,inglês,Global,concorrente_direto,Agregador de múltiplos produtos concorrentes em etsy.com.,Múltiplos reviews e produtos,Varia conforme o produto,Sim,Sim,Sim,media,exige_ferramenta_especifica,Requer paginação/scraping,site:etsy.com ADHD planner
https://www.etsy.com/search?q=Neurodivergent+planner,Search results for Neurodivergent planner on etsy.com,Etsy,marketplace,inglês,Global,concorrente_direto,Agregador de múltiplos produtos concorrentes em etsy.com.,Múltiplos reviews e produtos,Varia conforme o produto,Sim,Sim,Sim,media,exige_ferramenta_especifica,Requer paginação/scraping,site:etsy.com Neurodivergent planner
https://www.etsy.com/search?q=Executive+function+planner,Search results for Executive function planner on etsy.com,Etsy,marketplace,inglês,Global,concorrente_direto,Agregador de múltiplos produtos concorrentes em etsy.com.,Múltiplos reviews e produtos,Varia conforme o produto,Sim,Sim,Sim,media,exige_ferramenta_especifica,Requer paginação/scraping,site:etsy.com Executive function planner
https://www.etsy.com/search?q=ADHD+digital+planner,Search results for ADHD digital planner on etsy.com,Etsy,marketplace,inglês,Global,concorrente_direto,Agregador de múltiplos produtos concorrentes em etsy.com.,Múltiplos reviews e produtos,Varia conforme o produto,Sim,Sim,Sim,media,exige_ferramenta_especifica,Requer paginação/scraping,site:etsy.com ADHD digital planner
https://www.amazon.com/search?q=ADHD+planner,Search results for ADHD planner on amazon.com,Amazon,marketplace,inglês,Global,concorrente_direto,Agregador de múltiplos produtos concorrentes em amazon.com.,Múltiplos reviews e produtos,Varia conforme o produto,Sim,Sim,Sim,media,exige_ferramenta_especifica,Requer paginação/scraping,site:amazon.com ADHD planner
https://www.amazon.com/search?q=Neurodivergent+planner,Search results for Neurodivergent planner on amazon.com,Amazon,marketplace,inglês,Global,concorrente_direto,Agregador de múltiplos produtos concorrentes em amazon.com.,Múltiplos reviews e produtos,Varia conforme o produto,Sim,Sim,Sim,media,exige_ferramenta_especifica,Requer paginação/scraping,site:amazon.com Neurodivergent planner
https://www.amazon.com/search?q=Executive+function+planner,Search results for Executive function planner on amazon.com,Amazon,marketplace,inglês,Global,concorrente_direto,Agregador de múltiplos produtos concorrentes em amazon.com.,Múltiplos reviews e produtos,Varia conforme o produto,Sim,Sim,Sim,media,exige_ferramenta_especifica,Requer paginação/scraping,site:amazon.com Executive function planner
https://www.amazon.com/search?q=ADHD+digital+planner,Search results for ADHD digital planner on amazon.com,Amazon,marketplace,inglês,Global,concorrente_direto,Agregador de múltiplos produtos concorrentes em amazon.com.,Múltiplos reviews e produtos,Varia conforme o produto,Sim,Sim,Sim,media,exige_ferramenta_especifica,Requer paginação/scraping,site:amazon.com ADHD digital planner
https://www.gumroad.com/search?q=ADHD+planner,Search results for ADHD planner on gumroad.com,Gumroad,marketplace,inglês,Global,concorrente_direto,Agregador de múltiplos produtos concorrentes em gumroad.com.,Múltiplos reviews e produtos,Varia conforme o produto,Sim,Sim,Sim,media,exige_ferramenta_especifica,Requer paginação/scraping,site:gumroad.com ADHD planner
https://www.gumroad.com/search?q=Neurodivergent+planner,Search results for Neurodivergent planner on gumroad.com,Gumroad,marketplace,inglês,Global,concorrente_direto,Agregador de múltiplos produtos concorrentes em gumroad.com.,Múltiplos reviews e produtos,Varia conforme o produto,Sim,Sim,Sim,media,exige_ferramenta_especifica,Requer paginação/scraping,site:gumroad.com Neurodivergent planner
https://www.gumroad.com/search?q=Executive+function+planner,Search results for Executive function planner on gumroad.com,Gumroad,marketplace,inglês,Global,concorrente_direto,Agregador de múltiplos produtos concorrentes em gumroad.com.,Múltiplos reviews e produtos,Varia conforme o produto,Sim,Sim,Sim,media,exige_ferramenta_especifica,Requer paginação/scraping,site:gumroad.com Executive function planner
https://www.gumroad.com/search?q=ADHD+digital+planner,Search results for ADHD digital planner on gumroad.com,Gumroad,marketplace,inglês,Global,concorrente_direto,Agregador de múltiplos produtos concorrentes em gumroad.com.,Múltiplos reviews e produtos,Varia conforme o produto,Sim,Sim,Sim,media,exige_ferramenta_especifica,Requer paginação/scraping,site:gumroad.com ADHD digital planner
https://www.creativemarket.com/search?q=ADHD+planner,Search results for ADHD planner on creativemarket.com,Creativemarket,marketplace,inglês,Global,concorrente_direto,Agregador de múltiplos produtos concorrentes em creativemarket.com.,Múltiplos reviews e produtos,Varia conforme o produto,Sim,Sim,Sim,media,exige_ferramenta_especifica,Requer paginação/scraping,site:creativemarket.com ADHD planner
https://www.creativemarket.com/search?q=Neurodivergent+planner,Search results for Neurodivergent planner on creativemarket.com,Creativemarket,marketplace,inglês,Global,concorrente_direto,Agregador de múltiplos produtos concorrentes em creativemarket.com.,Múltiplos reviews e produtos,Varia conforme o produto,Sim,Sim,Sim,media,exige_ferramenta_especifica,Requer paginação/scraping,site:creativemarket.com Neurodivergent planner
https://www.creativemarket.com/search?q=Executive+function+planner,Search results for Executive function planner on creativemarket.com,Creativemarket,marketplace,inglês,Global,concorrente_direto,Agregador de múltiplos produtos concorrentes em creativemarket.com.,Múltiplos reviews e produtos,Varia conforme o produto,Sim,Sim,Sim,media,exige_ferramenta_especifica,Requer paginação/scraping,site:creativemarket.com Executive function planner
https://www.creativemarket.com/search?q=ADHD+digital+planner,Search results for ADHD digital planner on creativemarket.com,Creativemarket,marketplace,inglês,Global,concorrente_direto,Agregador de múltiplos produtos concorrentes em creativemarket.com.,Múltiplos reviews e produtos,Varia conforme o produto,Sim,Sim,Sim,media,exige_ferramenta_especifica,Requer paginação/scraping,site:creativemarket.com ADHD digital planner
https://www.notion.so/search?q=ADHD+planner,Search results for ADHD planner on notion.so,Notion,marketplace,inglês,Global,concorrente_direto,Agregador de múltiplos produtos concorrentes em notion.so.,Múltiplos reviews e produtos,Varia conforme o produto,Sim,Sim,Sim,media,exige_ferramenta_especifica,Requer paginação/scraping,site:notion.so ADHD planner
https://www.notion.so/search?q=Neurodivergent+planner,Search results for Neurodivergent planner on notion.so,Notion,marketplace,inglês,Global,concorrente_direto,Agregador de múltiplos produtos concorrentes em notion.so.,Múltiplos reviews e produtos,Varia conforme o produto,Sim,Sim,Sim,media,exige_ferramenta_especifica,Requer paginação/scraping,site:notion.so Neurodivergent planner
https://www.notion.so/search?q=Executive+function+planner,Search results for Executive function planner on notion.so,Notion,marketplace,inglês,Global,concorrente_direto,Agregador de múltiplos produtos concorrentes em notion.so.,Múltiplos reviews e produtos,Varia conforme o produto,Sim,Sim,Sim,media,exige_ferramenta_especifica,Requer paginação/scraping,site:notion.so Executive function planner
https://www.notion.so/search?q=ADHD+digital+planner,Search results for ADHD digital planner on notion.so,Notion,marketplace,inglês,Global,concorrente_direto,Agregador de múltiplos produtos concorrentes em notion.so.,Múltiplos reviews e produtos,Varia conforme o produto,Sim,Sim,Sim,media,exige_ferramenta_especifica,Requer paginação/scraping,site:notion.so ADHD digital planner
https://www.reddit.com/r/ADHD/comments/1h13wls/adhd_planner_what_works_what_doesnt/,ADHD planner - what works? what doesn't?,Reddit,reddit_thread,inglês,Global,oportunidade_de_feature,Discussão sobre funcionalidades que realmente ajudam.,Lista de features desejadas,"Frustração com apps, necessidade de simplicidade",Sim,Não,Não,alta,media,Público,ADHD planner - what works?
https://www.reddit.com/r/ADHD/comments/16f1q8u/why_tf_is_it_so_hard_for_me_to_use_a_planner/,Why TF is it so hard for me to use a planner???,Reddit,reddit_thread,inglês,Global,dor_de_sobrecarga,Explora a barreira psicológica do planejamento.,Linguagem emocional forte,"Culpa, paralisia, briga com parceiros por desorganização",Sim,Não,Não,alta,media,Público,Why is it hard to use a planner ADHD
https://structured.app/,Structured Daily Planner App,Web/App,landing_page,inglês,Global,concorrente_indireto,App de planejamento visual muito popular entre TDAH.,Estrutura de linha do tempo visual,Falta de visão clara do dia,Não,Sim,Sim,media,facil,Público,Structured app ADHD
https://www.youtube.com/results?search_query=ADHD+planner+review,YouTube Search: ADHD Planner Reviews,YouTube,youtube_video,inglês,Global,oportunidade_de_feature,Fonte rica em reviews visuais e comentários espontâneos.,"Reviews em vídeo, comentários",Dificuldade de escolher o sistema certo,Sim,Sim,Sim,alta,media,Público,YouTube ADHD planner review
https://www.instagram.com/reel/DFMHba1sLu_/,Rotina de Mães com TDAH (Reel),Instagram,post_social,português,Brasil,dor_de_rotina,Discussão sobre a dificuldade de manter agenda sendo mãe TDAH.,Relatos de mães nos comentários,"Sobrecarga materna, falta de tempo",Sim,Não,Não,alta,media,Público,TDAH mães rotina organização
