"source_file","source_file_stem","thread_id","thread_fullname","thread_url","subreddit","subreddit_prefixed","thread_title","thread_selftext_clean","thread_flair","thread_created_utc","thread_created_iso","thread_score","thread_ups","thread_upvote_ratio","thread_num_comments","thread_author_hash","thread_author_public","record_id","record_type","comment_id","comment_fullname","comment_url","comment_permalink","parent_id_raw","parent_type","parent_comment_id","root_comment_id","depth","is_top_level","path_ids","author_hash","author_public","author_flair_text","is_submitter","stickied","distinguished","score","ups","downs","controversiality","reply_count_direct","created_utc","created_iso","edited","edited_utc","edited_iso","collapsed","locked","archived","score_hidden","body_clean","body_excerpt_280","body_length_chars","body_word_count","parent_body_excerpt","root_body_excerpt","text_urls","contains_question","contains_recommendation_language","planner_terms_found","pain_terms_found","feature_terms_found","signal_tags","relevance_score_0_100","text_for_ai"
"C:\Projects\Web\planner-tdah\research\reddit_data\reddit-adhdwomen-cleaning_planner_recommendations.json","reddit-adhdwomen-cleaning_planner_recommendations","1p7fvpj","t3_1p7fvpj","https://www.reddit.com/r/adhdwomen/comments/1p7fvpj/cleaning_planner_recommendations/","adhdwomen","r/adhdwomen","Cleaning Planner Recommendations","Hi All, Just simply looking for recommendations for a planner. I got a cheap one off Tik Tok and I got what I paid for it was poorly written. .....it became overwhelming and is currently living in a doom pile somewhere in my house. I like the idea of it ....I just think I need a better written one .","Cleaning, Organizing, Decluttering","1764182747","2025-11-26T18:45:47+00:00","2","2","1","1","48ba44a67927d70d","","reddit-adhdwomen-cleaning_planner_recommendations:post:1p7fvpj","thread_post","","","https://www.reddit.com/r/adhdwomen/comments/1p7fvpj/cleaning_planner_recommendations/","/r/adhdwomen/comments/1p7fvpj/cleaning_planner_recommendations/","","","","","","","","48ba44a67927d70d","","","true","false","","2","2","0","","","1764182747","2025-11-26T18:45:47+00:00","false","False","","","false","false","false","Cleaning Planner Recommendations Hi All, Just simply looking for recommendations for a planner. I got a cheap one off Tik Tok and I got what I paid for it was poorly written. .....it became overwhelming and is currently living in a doom pile somewhere in my house. I like the idea of it ....I just think I need a better written one .","Cleaning Planner Recommendations Hi All, Just simply looking for recommendations for a planner. I got a cheap one off Tik Tok and I got what I paid for it was poorly written. .....it became overwhelming and is currently living in a doom pile somewhere in my house. I like the ide…","333","63","","","","false","true","planner | plan","overwhelm","","mentions_pain_or_friction | mentions_planner_or_system | mentions_working_solution_or_recommendation","31","[THREAD_TITLE]
Cleaning Planner Recommendations

[THREAD_BODY]
Hi All, Just simply looking for recommendations for a planner. I got a cheap one off Tik Tok and I got what I paid for it was poorly written. .....it became overwhelming and is currently living in a doom pile somewhere in my house. I like the idea of it ....I just think I need a better written one ."
"C:\Projects\Web\planner-tdah\research\reddit_data\reddit-adhdwomen-cleaning_planner_recommendations.json","reddit-adhdwomen-cleaning_planner_recommendations","1p7fvpj","t3_1p7fvpj","https://www.reddit.com/r/adhdwomen/comments/1p7fvpj/cleaning_planner_recommendations/","adhdwomen","r/adhdwomen","Cleaning Planner Recommendations","Hi All, Just simply looking for recommendations for a planner. I got a cheap one off Tik Tok and I got what I paid for it was poorly written. .....it became overwhelming and is currently living in a doom pile somewhere in my house. I like the idea of it ....I just think I need a better written one .","Cleaning, Organizing, Decluttering","1764182747","2025-11-26T18:45:47+00:00","2","2","1","1","48ba44a67927d70d","","reddit-adhdwomen-cleaning_planner_recommendations:comment:nqz7jyd","comment","nqz7jyd","t1_nqz7jyd","https://www.reddit.com/r/adhdwomen/comments/1p7fvpj/cleaning_planner_recommendations/nqz7jyd/","/r/adhdwomen/comments/1p7fvpj/cleaning_planner_recommendations/nqz7jyd/","t3_1p7fvpj","post","","nqz7jyd","0","true","nqz7jyd","9e5a08a5e9562d96","","","false","false","","1","1","0","0","0","1764205111","2025-11-27T00:58:31+00:00","false","False","","false","false","false","false","I like the Legend Planner- I think it’s similar the Clever Fox brand. It works for me because you fill in the dates as you go, so when I forget about it for a month I haven’t wasted anything. It also has some nice prompts to reflect on goals or make sure you are taking care of yourself.","I like the Legend Planner- I think it’s similar the Clever Fox brand. It works for me because you fill in the dates as you go, so when I forget about it for a month I haven’t wasted anything. It also has some nice prompts to reflect on goals or make sure you are taking care of y…","287","58","","","","false","true","planner | plan","forget","","forgetfulness_or_time_signal | mentions_pain_or_friction | mentions_planner_or_system | mentions_working_solution_or_recommendation","39","[THREAD_TITLE]
Cleaning Planner Recommendations

[THREAD_BODY]
Hi All, Just simply looking for recommendations for a planner. I got a cheap one off Tik Tok and I got what I paid for it was poorly written. .....it became overwhelming and is currently living in a doom pile somewhere in my house. I like the idea of it ....I just think I need a better written one .

[CURRENT_RECORD]
I like the Legend Planner- I think it’s similar the Clever Fox brand. It works for me because you fill in the dates as you go, so when I forget about it for a month I haven’t wasted anything. It also has some nice prompts to reflect on goals or make sure you are taking care of yourself."
